perturbation,a2_exact_match,a2_normalized_exact_match,a2_char_sequence_ratio,a2_token_jaccard,a2_token_containment,a2_fuzzy_ratio,a2_fuzzy_partial_ratio,a2_fuzzy_token_sort_ratio,a2_fuzzy_token_set_ratio,a2_token_sequence_ratio
boundary_shift_left1,0.0,0.0,0.8736481290844246,0.7443662103174603,1.0,0.8736481290844246,1.0,0.8736481290844246,1.0,0.8405065635430962
boundary_shift_left2,0.0,0.0,0.7505097346915226,0.5945871568556875,1.0,0.7505097346915226,1.0,0.7505097346915226,1.0,0.7264188542751728
boundary_shift_right1,0.0,0.0,0.6921860467555524,0.6010389087301587,0.6010389087301587,0.6921860467555524,0.87565,0.6921860467555524,0.87565,0.702156487667819
boundary_shift_right2,0.0,0.0,0.43839139411522926,0.3673185860118424,0.3673185860118424,0.43839139411522926,0.6842345686061783,0.43839139411522926,0.6842345686061783,0.464738348564649
case_change,0.14275,1.0,1.0,1.0,1.0,0.9218373223547353,0.9358307533999382,0.9218174833824736,0.9217840477279023,1.0
clean,1.0,1.0,1.0,1.0,1.0,1.0,1.0,1.0,1.0,1.0
token_drop,0.0,0.0,0.7765720994156147,0.6835604888522722,0.6835604888522722,0.7765720994156147,0.947064155953718,0.7765720994156147,1.0,0.8018688833070508
token_duplicate,1.0,1.0,1.0,1.0,1.0,1.0,1.0,1.0,1.0,1.0
token_reorder,0.00017130131902015646,0.00017130131902015646,0.7468657339801926,1.0,1.0,0.7495842148658693,0.8359396309454764,1.0,1.0,0.680284758986295
whitespace_punct,1.0,1.0,1.0,1.0,1.0,1.0,1.0,1.0,1.0,1.0
