threshold,tp,fp,fn,tn,precision,recall,f1,metric
0.5,96576,35907,0,59119,0.7289689997962002,1.0,0.8432412609851611,exact_match
0.51,96576,35907,0,59119,0.7289689997962002,1.0,0.8432412609851611,exact_match
0.52,96576,35907,0,59119,0.7289689997962002,1.0,0.8432412609851611,exact_match
0.53,96576,35907,0,59119,0.7289689997962002,1.0,0.8432412609851611,exact_match
0.54,96576,35907,0,59119,0.7289689997962002,1.0,0.8432412609851611,exact_match
0.55,96576,35907,0,59119,0.7289689997962002,1.0,0.8432412609851611,exact_match
0.56,96576,35907,0,59119,0.7289689997962002,1.0,0.8432412609851611,exact_match
0.57,96576,35907,0,59119,0.7289689997962002,1.0,0.8432412609851611,exact_match
0.58,96576,35907,0,59119,0.7289689997962002,1.0,0.8432412609851611,exact_match
0.59,96576,35907,0,59119,0.7289689997962002,1.0,0.8432412609851611,exact_match
0.6,96576,35907,0,59119,0.7289689997962002,1.0,0.8432412609851611,exact_match
0.61,96576,35907,0,59119,0.7289689997962002,1.0,0.8432412609851611,exact_match
0.62,96576,35907,0,59119,0.7289689997962002,1.0,0.8432412609851611,exact_match
0.63,96576,35907,0,59119,0.7289689997962002,1.0,0.8432412609851611,exact_match
0.64,96576,35907,0,59119,0.7289689997962002,1.0,0.8432412609851611,exact_match
0.65,96576,35907,0,59119,0.7289689997962002,1.0,0.8432412609851611,exact_match
0.66,96576,35907,0,59119,0.7289689997962002,1.0,0.8432412609851611,exact_match
0.67,96576,35907,0,59119,0.7289689997962002,1.0,0.8432412609851611,exact_match
0.68,96576,35907,0,59119,0.7289689997962002,1.0,0.8432412609851611,exact_match
0.69,96576,35907,0,59119,0.7289689997962002,1.0,0.8432412609851611,exact_match
0.7,96576,35907,0,59119,0.7289689997962002,1.0,0.8432412609851611,exact_match
0.71,96576,35907,0,59119,0.7289689997962002,1.0,0.8432412609851611,exact_match
0.72,96576,35907,0,59119,0.7289689997962002,1.0,0.8432412609851611,exact_match
0.73,96576,35907,0,59119,0.7289689997962002,1.0,0.8432412609851611,exact_match
0.74,96576,35907,0,59119,0.7289689997962002,1.0,0.8432412609851611,exact_match
0.75,96576,35907,0,59119,0.7289689997962002,1.0,0.8432412609851611,exact_match
0.76,96576,35907,0,59119,0.7289689997962002,1.0,0.8432412609851611,exact_match
0.77,96576,35907,0,59119,0.7289689997962002,1.0,0.8432412609851611,exact_match
0.78,96576,35907,0,59119,0.7289689997962002,1.0,0.8432412609851611,exact_match
0.79,96576,35907,0,59119,0.7289689997962002,1.0,0.8432412609851611,exact_match
0.8,96576,35907,0,59119,0.7289689997962002,1.0,0.8432412609851611,exact_match
0.81,96576,35907,0,59119,0.7289689997962002,1.0,0.8432412609851611,exact_match
0.82,96576,35907,0,59119,0.7289689997962002,1.0,0.8432412609851611,exact_match
0.83,96576,35907,0,59119,0.7289689997962002,1.0,0.8432412609851611,exact_match
0.84,96576,35907,0,59119,0.7289689997962002,1.0,0.8432412609851611,exact_match
0.85,96576,35907,0,59119,0.7289689997962002,1.0,0.8432412609851611,exact_match
0.86,96576,35907,0,59119,0.7289689997962002,1.0,0.8432412609851611,exact_match
0.87,96576,35907,0,59119,0.7289689997962002,1.0,0.8432412609851611,exact_match
0.88,96576,35907,0,59119,0.7289689997962002,1.0,0.8432412609851611,exact_match
0.89,96576,35907,0,59119,0.7289689997962002,1.0,0.8432412609851611,exact_match
0.9,96576,35907,0,59119,0.7289689997962002,1.0,0.8432412609851611,exact_match
0.91,96576,35907,0,59119,0.7289689997962002,1.0,0.8432412609851611,exact_match
0.92,96576,35907,0,59119,0.7289689997962002,1.0,0.8432412609851611,exact_match
0.93,96576,35907,0,59119,0.7289689997962002,1.0,0.8432412609851611,exact_match
0.94,96576,35907,0,59119,0.7289689997962002,1.0,0.8432412609851611,exact_match
0.95,96576,35907,0,59119,0.7289689997962002,1.0,0.8432412609851611,exact_match
0.96,96576,35907,0,59119,0.7289689997962002,1.0,0.8432412609851611,exact_match
0.97,96576,35907,0,59119,0.7289689997962002,1.0,0.8432412609851611,exact_match
0.98,96576,35907,0,59119,0.7289689997962002,1.0,0.8432412609851611,exact_match
0.99,96576,35907,0,59119,0.7289689997962002,1.0,0.8432412609851611,exact_match
0.5,96576,16252,0,78774,0.85595774098628,1.0,0.9223892571297587,normalized_exact_match
0.51,96576,16252,0,78774,0.85595774098628,1.0,0.9223892571297587,normalized_exact_match
0.52,96576,16252,0,78774,0.85595774098628,1.0,0.9223892571297587,normalized_exact_match
0.53,96576,16252,0,78774,0.85595774098628,1.0,0.9223892571297587,normalized_exact_match
0.54,96576,16252,0,78774,0.85595774098628,1.0,0.9223892571297587,normalized_exact_match
0.55,96576,16252,0,78774,0.85595774098628,1.0,0.9223892571297587,normalized_exact_match
0.56,96576,16252,0,78774,0.85595774098628,1.0,0.9223892571297587,normalized_exact_match
0.57,96576,16252,0,78774,0.85595774098628,1.0,0.9223892571297587,normalized_exact_match
0.58,96576,16252,0,78774,0.85595774098628,1.0,0.9223892571297587,normalized_exact_match
0.59,96576,16252,0,78774,0.85595774098628,1.0,0.9223892571297587,normalized_exact_match
0.6,96576,16252,0,78774,0.85595774098628,1.0,0.9223892571297587,normalized_exact_match
0.61,96576,16252,0,78774,0.85595774098628,1.0,0.9223892571297587,normalized_exact_match
0.62,96576,16252,0,78774,0.85595774098628,1.0,0.9223892571297587,normalized_exact_match
0.63,96576,16252,0,78774,0.85595774098628,1.0,0.9223892571297587,normalized_exact_match
0.64,96576,16252,0,78774,0.85595774098628,1.0,0.9223892571297587,normalized_exact_match
0.65,96576,16252,0,78774,0.85595774098628,1.0,0.9223892571297587,normalized_exact_match
0.66,96576,16252,0,78774,0.85595774098628,1.0,0.9223892571297587,normalized_exact_match
0.67,96576,16252,0,78774,0.85595774098628,1.0,0.9223892571297587,normalized_exact_match
0.68,96576,16252,0,78774,0.85595774098628,1.0,0.9223892571297587,normalized_exact_match
0.69,96576,16252,0,78774,0.85595774098628,1.0,0.9223892571297587,normalized_exact_match
0.7,96576,16252,0,78774,0.85595774098628,1.0,0.9223892571297587,normalized_exact_match
0.71,96576,16252,0,78774,0.85595774098628,1.0,0.9223892571297587,normalized_exact_match
0.72,96576,16252,0,78774,0.85595774098628,1.0,0.9223892571297587,normalized_exact_match
0.73,96576,16252,0,78774,0.85595774098628,1.0,0.9223892571297587,normalized_exact_match
0.74,96576,16252,0,78774,0.85595774098628,1.0,0.9223892571297587,normalized_exact_match
0.75,96576,16252,0,78774,0.85595774098628,1.0,0.9223892571297587,normalized_exact_match
0.76,96576,16252,0,78774,0.85595774098628,1.0,0.9223892571297587,normalized_exact_match
0.77,96576,16252,0,78774,0.85595774098628,1.0,0.9223892571297587,normalized_exact_match
0.78,96576,16252,0,78774,0.85595774098628,1.0,0.9223892571297587,normalized_exact_match
0.79,96576,16252,0,78774,0.85595774098628,1.0,0.9223892571297587,normalized_exact_match
0.8,96576,16252,0,78774,0.85595774098628,1.0,0.9223892571297587,normalized_exact_match
0.81,96576,16252,0,78774,0.85595774098628,1.0,0.9223892571297587,normalized_exact_match
0.82,96576,16252,0,78774,0.85595774098628,1.0,0.9223892571297587,normalized_exact_match
0.83,96576,16252,0,78774,0.85595774098628,1.0,0.9223892571297587,normalized_exact_match
0.84,96576,16252,0,78774,0.85595774098628,1.0,0.9223892571297587,normalized_exact_match
0.85,96576,16252,0,78774,0.85595774098628,1.0,0.9223892571297587,normalized_exact_match
0.86,96576,16252,0,78774,0.85595774098628,1.0,0.9223892571297587,normalized_exact_match
0.87,96576,16252,0,78774,0.85595774098628,1.0,0.9223892571297587,normalized_exact_match
0.88,96576,16252,0,78774,0.85595774098628,1.0,0.9223892571297587,normalized_exact_match
0.89,96576,16252,0,78774,0.85595774098628,1.0,0.9223892571297587,normalized_exact_match
0.9,96576,16252,0,78774,0.85595774098628,1.0,0.9223892571297587,normalized_exact_match
0.91,96576,16252,0,78774,0.85595774098628,1.0,0.9223892571297587,normalized_exact_match
0.92,96576,16252,0,78774,0.85595774098628,1.0,0.9223892571297587,normalized_exact_match
0.93,96576,16252,0,78774,0.85595774098628,1.0,0.9223892571297587,normalized_exact_match
0.94,96576,16252,0,78774,0.85595774098628,1.0,0.9223892571297587,normalized_exact_match
0.95,96576,16252,0,78774,0.85595774098628,1.0,0.9223892571297587,normalized_exact_match
0.96,96576,16252,0,78774,0.85595774098628,1.0,0.9223892571297587,normalized_exact_match
0.97,96576,16252,0,78774,0.85595774098628,1.0,0.9223892571297587,normalized_exact_match
0.98,96576,16252,0,78774,0.85595774098628,1.0,0.9223892571297587,normalized_exact_match
0.99,96576,16252,0,78774,0.85595774098628,1.0,0.9223892571297587,normalized_exact_match
0.5,5732,0,90844,95026,1.0,0.05935222001325381,0.1120537983344411,char_sequence_ratio
0.51,6293,0,90283,95026,1.0,0.06516111663353213,0.12234978467759965,char_sequence_ratio
0.52,6503,0,90073,95026,1.0,0.06733556991385023,0.1261750696068064,char_sequence_ratio
0.53,6749,0,89827,95026,1.0,0.06988278661365142,0.13063634164045487,char_sequence_ratio
0.54,7113,0,89463,95026,1.0,0.07365183896620278,0.13719873853542805,char_sequence_ratio
0.55,7339,0,89237,95026,1.0,0.07599196487740226,0.14125006014531108,char_sequence_ratio
0.56,7683,0,88893,95026,1.0,0.07955392644135188,0.14738295974448248,char_sequence_ratio
0.57,7926,0,88650,95026,1.0,0.08207007952286283,0.15169087672963197,char_sequence_ratio
0.58,8431,0,88145,95026,1.0,0.08729912193505633,0.16057977087241804,char_sequence_ratio
0.59,8884,0,87692,95026,1.0,0.09198972829688536,0.16848094064100133,char_sequence_ratio
0.6,9107,0,87469,95026,1.0,0.09429879058979457,0.17234559957609077,char_sequence_ratio
0.61,9905,0,86671,95026,1.0,0.10256171305500332,0.18604258036645036,char_sequence_ratio
0.62,10443,0,86133,95026,1.0,0.10813245526838966,0.19516160681748101,char_sequence_ratio
0.63,10876,0,85700,95026,1.0,0.11261597084161697,0.20243457543833526,char_sequence_ratio
0.64,11594,0,84982,95026,1.0,0.12005053015241882,0.2143662753073865,char_sequence_ratio
0.65,12609,0,83967,95026,1.0,0.13056038767395625,0.23096579200439618,char_sequence_ratio
0.66,12794,0,83782,95026,1.0,0.1324759774685222,0.2339581237999451,char_sequence_ratio
0.67,14449,0,82127,95026,1.0,0.1496127402253148,0.26028371988290927,char_sequence_ratio
0.68,14488,0,82088,95026,1.0,0.15001656726308812,0.26089461931859104,char_sequence_ratio
0.69,15251,0,81325,95026,1.0,0.15791708084824388,0.2727606034320871,char_sequence_ratio
0.7,16038,0,80538,95026,1.0,0.16606610337972166,0.28483137087751076,char_sequence_ratio
0.71,17359,0,79217,95026,1.0,0.17974444996686548,0.30471760214157195,char_sequence_ratio
0.72,18017,0,78559,95026,1.0,0.18655773691186217,0.31445201713891774,char_sequence_ratio
0.73,19383,0,77193,95026,1.0,0.20070203777335985,0.33430781569347784,char_sequence_ratio
0.74,20684,0,75892,95026,1.0,0.21417329357190193,0.3527886747398943,char_sequence_ratio
0.75,21550,0,75026,95026,1.0,0.22314032471835651,0.36486463606657293,char_sequence_ratio
0.76,23459,0,73117,95026,1.0,0.242907140490391,0.3908693297788145,char_sequence_ratio
0.77,25375,0,71201,95026,1.0,0.26274643803843606,0.4161507490713483,char_sequence_ratio
0.78,26758,0,69818,95026,1.0,0.2770667660702452,0.43391116804774027,char_sequence_ratio
0.79,28760,0,67816,95026,1.0,0.2977965540092777,0.45892640582115274,char_sequence_ratio
0.8,29807,0,66769,95026,1.0,0.3086377567925779,0.47169318658363857,char_sequence_ratio
0.81,33374,0,63202,95026,1.0,0.34557239893969516,0.5136437091188918,char_sequence_ratio
0.82,35981,0,60595,95026,1.0,0.3725666832339298,0.5428758948980439,char_sequence_ratio
0.83,38946,0,57630,95026,1.0,0.4032678926441352,0.5747553902687387,char_sequence_ratio
0.84,42278,0,54298,95026,1.0,0.43776921802518226,0.6089561697898512,char_sequence_ratio
0.85,45519,0,51057,95026,1.0,0.47132828031809143,0.640684049403568,char_sequence_ratio
0.86,49383,0,47193,95026,1.0,0.5113382206759444,0.6766694756746757,char_sequence_ratio
0.87,53366,0,43210,95026,1.0,0.5525803512259775,0.7118219044697283,char_sequence_ratio
0.88,57020,0,39556,95026,1.0,0.5904158383035123,0.7424672517513478,char_sequence_ratio
0.89,61404,0,35172,95026,1.0,0.63581013916501,0.7773642233194076,char_sequence_ratio
0.9,64769,0,31807,95026,1.0,0.6706531643472499,0.8028634292974682,char_sequence_ratio
0.91,69218,0,27358,95026,1.0,0.7167205102717031,0.8349879971530936,char_sequence_ratio
0.92,73439,0,23137,95026,1.0,0.7604270212060967,0.8639120077640208,char_sequence_ratio
0.93,79300,2,17276,95024,0.9999747799551083,0.8211149768058317,0.9017614482766463,char_sequence_ratio
0.94,85563,63,11013,94963,0.9992642421694345,0.8859654572564613,0.9392103269997037,char_sequence_ratio
0.95,90682,655,5894,94371,0.9928287550499797,0.9389703445990722,0.9651487656521901,char_sequence_ratio
0.96,94318,3349,2258,91677,0.9657100146415882,0.9766194499668654,0.9711340949223395,char_sequence_ratio
0.97,96142,9748,434,85278,0.907942204174143,0.9955061298873427,0.9497100747779874,char_sequence_ratio
0.98,96574,15287,2,79739,0.8633393229096825,0.9999792909211398,0.926649299308664,char_sequence_ratio
0.99,96576,16252,0,78774,0.85595774098628,1.0,0.9223892571297587,char_sequence_ratio
0.5,6793,0,89783,95026,1.0,0.07033838634857521,0.1314320540974567,token_jaccard
0.51,16489,0,80087,95026,1.0,0.1707360006626905,0.29167293149957985,token_jaccard
0.52,16489,0,80087,95026,1.0,0.1707360006626905,0.29167293149957985,token_jaccard
0.53,16489,0,80087,95026,1.0,0.1707360006626905,0.29167293149957985,token_jaccard
0.54,16489,0,80087,95026,1.0,0.1707360006626905,0.29167293149957985,token_jaccard
0.55,16489,0,80087,95026,1.0,0.1707360006626905,0.29167293149957985,token_jaccard
0.56,16489,0,80087,95026,1.0,0.1707360006626905,0.29167293149957985,token_jaccard
0.57,16489,0,80087,95026,1.0,0.1707360006626905,0.29167293149957985,token_jaccard
0.58,16489,0,80087,95026,1.0,0.1707360006626905,0.29167293149957985,token_jaccard
0.59,16489,0,80087,95026,1.0,0.1707360006626905,0.29167293149957985,token_jaccard
0.6,16489,0,80087,95026,1.0,0.1707360006626905,0.29167293149957985,token_jaccard
0.61,21646,0,74930,95026,1.0,0.2241343605036448,0.3661924176549204,token_jaccard
0.62,21646,0,74930,95026,1.0,0.2241343605036448,0.3661924176549204,token_jaccard
0.63,21646,0,74930,95026,1.0,0.2241343605036448,0.3661924176549204,token_jaccard
0.64,21646,0,74930,95026,1.0,0.2241343605036448,0.3661924176549204,token_jaccard
0.65,21646,0,74930,95026,1.0,0.2241343605036448,0.3661924176549204,token_jaccard
0.66,21646,0,74930,95026,1.0,0.2241343605036448,0.3661924176549204,token_jaccard
0.67,33289,0,63287,95026,1.0,0.34469226308813783,0.5126708504985947,token_jaccard
0.68,33289,0,63287,95026,1.0,0.34469226308813783,0.5126708504985947,token_jaccard
0.69,33289,0,63287,95026,1.0,0.34469226308813783,0.5126708504985947,token_jaccard
0.7,33289,0,63287,95026,1.0,0.34469226308813783,0.5126708504985947,token_jaccard
0.71,33289,0,63287,95026,1.0,0.34469226308813783,0.5126708504985947,token_jaccard
0.72,38183,0,58393,95026,1.0,0.39536737905897945,0.566685713013602,token_jaccard
0.73,38183,0,58393,95026,1.0,0.39536737905897945,0.566685713013602,token_jaccard
0.74,38183,0,58393,95026,1.0,0.39536737905897945,0.566685713013602,token_jaccard
0.75,38183,0,58393,95026,1.0,0.39536737905897945,0.566685713013602,token_jaccard
0.76,47342,0,49234,95026,1.0,0.4902046056991385,0.6579024166539279,token_jaccard
0.77,47342,0,49234,95026,1.0,0.4902046056991385,0.6579024166539279,token_jaccard
0.78,48680,0,47896,95026,1.0,0.5040589794565937,0.6702649116043399,token_jaccard
0.79,48680,0,47896,95026,1.0,0.5040589794565937,0.6702649116043399,token_jaccard
0.8,48680,0,47896,95026,1.0,0.5040589794565937,0.6702649116043399,token_jaccard
0.81,56246,0,40330,95026,1.0,0.5824014247846255,0.7360982057557157,token_jaccard
0.82,56293,0,40283,95026,1.0,0.5828880881378397,0.7364867958840575,token_jaccard
0.83,56293,0,40283,95026,1.0,0.5828880881378397,0.7364867958840575,token_jaccard
0.84,63972,0,32604,95026,1.0,0.6624005964214712,0.7969205471260932,token_jaccard
0.85,63972,0,32604,95026,1.0,0.6624005964214712,0.7969205471260932,token_jaccard
0.86,70107,0,26469,95026,1.0,0.7259256958250497,0.8412015622468998,token_jaccard
0.87,70107,0,26469,95026,1.0,0.7259256958250497,0.8412015622468998,token_jaccard
0.88,73055,0,23521,95026,1.0,0.7564508780649437,0.8613402031468305,token_jaccard
0.89,73864,0,22712,95026,1.0,0.7648277004638834,0.8667448955644216,token_jaccard
0.9,73864,0,22712,95026,1.0,0.7648277004638834,0.8667448955644216,token_jaccard
0.91,73997,0,22579,95026,1.0,0.7662048542080848,0.8676285226853019,token_jaccard
0.92,73997,0,22579,95026,1.0,0.7662048542080848,0.8676285226853019,token_jaccard
0.93,73997,0,22579,95026,1.0,0.7662048542080848,0.8676285226853019,token_jaccard
0.94,73997,0,22579,95026,1.0,0.7662048542080848,0.8676285226853019,token_jaccard
0.95,73997,0,22579,95026,1.0,0.7662048542080848,0.8676285226853019,token_jaccard
0.96,73997,0,22579,95026,1.0,0.7662048542080848,0.8676285226853019,token_jaccard
0.97,73997,0,22579,95026,1.0,0.7662048542080848,0.8676285226853019,token_jaccard
0.98,73997,0,22579,95026,1.0,0.7662048542080848,0.8676285226853019,token_jaccard
0.99,73997,0,22579,95026,1.0,0.7662048542080848,0.8676285226853019,token_jaccard
0.5,5860,0,90716,95026,1.0,0.060677601060304835,0.1144129017142411,token_containment
0.51,11838,0,84738,95026,1.0,0.12257703777335983,0.21838507941778734,token_containment
0.52,11838,0,84738,95026,1.0,0.12257703777335983,0.21838507941778734,token_containment
0.53,11838,0,84738,95026,1.0,0.12257703777335983,0.21838507941778734,token_containment
0.54,11838,0,84738,95026,1.0,0.12257703777335983,0.21838507941778734,token_containment
0.55,11838,0,84738,95026,1.0,0.12257703777335983,0.21838507941778734,token_containment
0.56,11838,0,84738,95026,1.0,0.12257703777335983,0.21838507941778734,token_containment
0.57,11838,0,84738,95026,1.0,0.12257703777335983,0.21838507941778734,token_containment
0.58,11838,0,84738,95026,1.0,0.12257703777335983,0.21838507941778734,token_containment
0.59,11838,0,84738,95026,1.0,0.12257703777335983,0.21838507941778734,token_containment
0.6,11838,0,84738,95026,1.0,0.12257703777335983,0.21838507941778734,token_containment
0.61,14956,0,81620,95026,1.0,0.15486249171636846,0.26819208836925723,token_containment
0.62,14956,0,81620,95026,1.0,0.15486249171636846,0.26819208836925723,token_containment
0.63,14956,0,81620,95026,1.0,0.15486249171636846,0.26819208836925723,token_containment
0.64,14956,0,81620,95026,1.0,0.15486249171636846,0.26819208836925723,token_containment
0.65,14956,0,81620,95026,1.0,0.15486249171636846,0.26819208836925723,token_containment
0.66,14956,0,81620,95026,1.0,0.15486249171636846,0.26819208836925723,token_containment
0.67,20705,0,75871,95026,1.0,0.21439073889993374,0.35308361968264257,token_containment
0.68,20705,0,75871,95026,1.0,0.21439073889993374,0.35308361968264257,token_containment
0.69,20705,0,75871,95026,1.0,0.21439073889993374,0.35308361968264257,token_containment
0.7,20705,0,75871,95026,1.0,0.21439073889993374,0.35308361968264257,token_containment
0.71,20705,0,75871,95026,1.0,0.21439073889993374,0.35308361968264257,token_containment
0.72,22925,0,73651,95026,1.0,0.23737781643472497,0.38367879766696517,token_containment
0.73,22925,0,73651,95026,1.0,0.23737781643472497,0.38367879766696517,token_containment
0.74,22925,0,73651,95026,1.0,0.23737781643472497,0.38367879766696517,token_containment
0.75,22925,0,73651,95026,1.0,0.23737781643472497,0.38367879766696517,token_containment
0.76,27051,0,69525,95026,1.0,0.2801006461232604,0.43762284937756313,token_containment
0.77,27051,0,69525,95026,1.0,0.2801006461232604,0.43762284937756313,token_containment
0.78,27171,0,69405,95026,1.0,0.28134319085487075,0.4391379184949938,token_containment
0.79,27171,0,69405,95026,1.0,0.28134319085487075,0.4391379184949938,token_containment
0.8,27171,0,69405,95026,1.0,0.28134319085487075,0.4391379184949938,token_containment
0.81,30872,0,65704,95026,1.0,0.31966534128561963,0.48446425208712574,token_containment
0.82,30872,0,65704,95026,1.0,0.31966534128561963,0.48446425208712574,token_containment
0.83,30872,0,65704,95026,1.0,0.31966534128561963,0.48446425208712574,token_containment
0.84,34742,0,61834,95026,1.0,0.359737408880053,0.5291277661859,token_containment
0.85,34742,0,61834,95026,1.0,0.359737408880053,0.5291277661859,token_containment
0.86,37038,0,59538,95026,1.0,0.3835114314115308,0.5544029817234721,token_containment
0.87,37038,0,59538,95026,1.0,0.3835114314115308,0.5544029817234721,token_containment
0.88,37751,0,58825,95026,1.0,0.39089421802518226,0.5620761276586241,token_containment
0.89,37873,0,58703,95026,1.0,0.39215747183565275,0.5633809102336201,token_containment
0.9,37873,0,58703,95026,1.0,0.39215747183565275,0.5633809102336201,token_containment
0.91,37877,0,58699,95026,1.0,0.3921988899933731,0.5634236498999651,token_containment
0.92,37877,0,58699,95026,1.0,0.3921988899933731,0.5634236498999651,token_containment
0.93,37877,0,58699,95026,1.0,0.3921988899933731,0.5634236498999651,token_containment
0.94,37877,0,58699,95026,1.0,0.3921988899933731,0.5634236498999651,token_containment
0.95,37877,0,58699,95026,1.0,0.3921988899933731,0.5634236498999651,token_containment
0.96,37877,0,58699,95026,1.0,0.3921988899933731,0.5634236498999651,token_containment
0.97,37877,0,58699,95026,1.0,0.3921988899933731,0.5634236498999651,token_containment
0.98,37877,0,58699,95026,1.0,0.3921988899933731,0.5634236498999651,token_containment
0.99,37877,0,58699,95026,1.0,0.3921988899933731,0.5634236498999651,token_containment
0.5,5732,12201,90844,82825,0.31963419394412534,0.05935222001325381,0.10011440148809264,fuzzy_ratio
0.51,6293,13381,90283,81645,0.3198637796076039,0.06516111663353213,0.10826666666666666,fuzzy_ratio
0.52,6503,13890,90073,81136,0.3188839307605551,0.06733556991385023,0.11119185425198129,fuzzy_ratio
0.53,6749,14415,89827,80611,0.3188905688905689,0.06988278661365142,0.1146424324783421,fuzzy_ratio
0.54,7113,14871,89463,80155,0.3235534934497817,0.07365183896620278,0.11998987854251013,fuzzy_ratio
0.55,7339,15227,89237,79799,0.32522378799964546,0.07599196487740226,0.1231975289990096,fuzzy_ratio
0.56,7683,15640,88893,79386,0.32941731338164043,0.07955392644135188,0.12815786620405506,fuzzy_ratio
0.57,7926,16021,88650,79005,0.3309809161899194,0.08207007952286283,0.13152676252665468,fuzzy_ratio
0.58,8431,16567,88145,78459,0.3372669813585087,0.08729912193505633,0.1386974188560054,fuzzy_ratio
0.59,8884,16883,87692,78143,0.3447820856133815,0.09198972829688536,0.1452310307904825,fuzzy_ratio
0.6,9107,17052,87469,77974,0.34814021942734813,0.09429879058979457,0.14840102660202878,fuzzy_ratio
0.61,9905,17393,86671,77633,0.36284709502527657,0.10256171305500332,0.15992056444451622,fuzzy_ratio
0.62,10443,17586,86133,77440,0.3725784009418816,0.10813245526838966,0.16761767184302395,fuzzy_ratio
0.63,10876,18096,85700,76930,0.3753969349716968,0.11261597084161697,0.17325644375059737,fuzzy_ratio
0.64,11594,18222,84982,76804,0.388851623289509,0.12005053015241882,0.18346097854294577,fuzzy_ratio
0.65,12609,18440,83967,76586,0.4061000354278721,0.13056038767395625,0.1975945151811949,fuzzy_ratio
0.66,12794,18588,83782,76438,0.4076859346121981,0.1324759774685222,0.19997186576845527,fuzzy_ratio
0.67,14449,18817,82127,76209,0.43434738171105636,0.1496127402253148,0.2225628071040187,fuzzy_ratio
0.68,14488,18895,82088,76131,0.43399334990863614,0.15001656726308812,0.2229626266745666,fuzzy_ratio
0.69,15251,18984,81325,76042,0.4454797721629911,0.15791708084824388,0.23317610904281752,fuzzy_ratio
0.7,16038,19025,80538,76001,0.45740524199298405,0.16606610337972166,0.24366639065930312,fuzzy_ratio
0.71,17359,19123,79217,75903,0.4758236938764322,0.17974444996686548,0.26092380766282375,fuzzy_ratio
0.72,18017,19172,78559,75854,0.48447121460646964,0.18655773691186217,0.2693828729488282,fuzzy_ratio
0.73,19383,19264,77193,75762,0.5015395761637385,0.20070203777335985,0.2866819993640135,fuzzy_ratio
0.74,20684,19325,75892,75701,0.5169836786722988,0.21417329357190193,0.30287366841161184,fuzzy_ratio
0.75,21550,19340,75026,75686,0.5270237221814624,0.22314032471835651,0.3135320733854189,fuzzy_ratio
0.76,23459,19408,73117,75618,0.5472507989829006,0.242907140490391,0.3364672303378442,fuzzy_ratio
0.77,25375,19497,71201,75529,0.5654974148689605,0.26274643803843606,0.35878909563938693,fuzzy_ratio
0.78,26758,19515,69818,75511,0.5782637823352711,0.2770667660702452,0.3746333541011838,fuzzy_ratio
0.79,28760,19533,67816,75493,0.5955314434804216,0.2977965540092777,0.3970483678357689,fuzzy_ratio
0.8,29807,19545,66769,75481,0.6039674177338304,0.3086377567925779,0.4085165286990845,fuzzy_ratio
0.81,33374,19581,63202,75445,0.6302332168822585,0.34557239893969516,0.446382355498191,fuzzy_ratio
0.82,35981,19611,60595,75415,0.6472334148798389,0.3725666832339298,0.4729115188475895,fuzzy_ratio
0.83,38946,19616,57630,75410,0.6650387623373518,0.4032678926441352,0.5020820173007259,fuzzy_ratio
0.84,42278,19619,54298,75407,0.6830379501429794,0.43776921802518226,0.5335672322730055,fuzzy_ratio
0.85,45519,19628,51057,75398,0.6987121433066756,0.47132828031809143,0.562925496064258,fuzzy_ratio
0.86,49383,19637,47193,75389,0.7154882642712257,0.5113382206759444,0.5964274499384044,fuzzy_ratio
0.87,53366,19641,43210,75385,0.7309710027805553,0.5525803512259775,0.6293791240867305,fuzzy_ratio
0.88,57020,19644,39556,75382,0.7437650005217573,0.5904158383035123,0.6582775340567999,fuzzy_ratio
0.89,61404,19650,35172,75376,0.7575690280553705,0.63581013916501,0.6913697010640094,fuzzy_ratio
0.9,64769,19654,31807,75372,0.76719614323111,0.6706531643472499,0.7156835120636026,fuzzy_ratio
0.91,69218,19655,27358,75371,0.7788417179570848,0.7167205102717031,0.7464909489940631,fuzzy_ratio
0.92,73439,19655,23137,75371,0.7888693148860292,0.7604270212060967,0.7743870933727001,fuzzy_ratio
0.93,79300,19657,17276,75369,0.8013581656679164,0.8211149768058317,0.8111162821620902,fuzzy_ratio
0.94,85563,19718,11013,75308,0.8127107455286329,0.8859654572564613,0.8477585617541131,fuzzy_ratio
0.95,90682,20310,5894,74716,0.8170138388352314,0.9389703445990722,0.873757033839513,fuzzy_ratio
0.96,94318,23004,2258,72022,0.8039242426825318,0.9766194499668654,0.8818969789338844,fuzzy_ratio
0.97,96142,29403,434,65623,0.7657971245370186,0.9955061298873427,0.8656723137389081,fuzzy_ratio
0.98,96574,34942,2,60084,0.7343136956720094,0.9999792909211398,0.8467986601897478,fuzzy_ratio
0.99,96576,35907,0,59119,0.7289689997962002,1.0,0.8432412609851611,fuzzy_ratio
0.5,3780,10600,92796,84426,0.26286509040333794,0.039140159045725646,0.06813511662280544,fuzzy_partial_ratio
0.51,3780,11937,92796,83089,0.24050391296048865,0.039140159045725646,0.06732387593171436,fuzzy_partial_ratio
0.52,3780,12474,92796,82552,0.23255813953488372,0.039140159045725646,0.06700345652751928,fuzzy_partial_ratio
0.53,3780,13024,92796,82002,0.2249464413234944,0.039140159045725646,0.06667842653025224,fuzzy_partial_ratio
0.54,3780,13549,92796,81477,0.2181314559409083,0.039140159045725646,0.06637109872261975,fuzzy_partial_ratio
0.55,3780,14002,92796,81024,0.21257451355303114,0.039140159045725646,0.06610818657199322,fuzzy_partial_ratio
0.56,3780,14443,92796,80583,0.2074301706634473,0.039140159045725646,0.06585423217972282,fuzzy_partial_ratio
0.57,3780,14896,92796,80130,0.20239880059970014,0.039140159045725646,0.06559539096935411,fuzzy_partial_ratio
0.58,3780,15439,92796,79587,0.1966803683854519,0.039140159045725646,0.06528779308260287,fuzzy_partial_ratio
0.59,3780,15813,92796,79213,0.19292604501607716,0.039140159045725646,0.0650776024584872,fuzzy_partial_ratio
0.6,3780,16049,92796,78977,0.19062988552120633,0.039140159045725646,0.06494566384605473,fuzzy_partial_ratio
0.61,3780,16602,92796,78424,0.18545775684427435,0.039140159045725646,0.06463858821115272,fuzzy_partial_ratio
0.62,3780,16880,92796,78146,0.1829622458857696,0.039140159045725646,0.06448531167900645,fuzzy_partial_ratio
0.63,3780,17172,92796,77854,0.18041237113402062,0.039140159045725646,0.06432509699816213,fuzzy_partial_ratio
0.64,3780,17388,92796,77638,0.17857142857142858,0.039140159045725646,0.06420709335507542,fuzzy_partial_ratio
0.65,3780,17654,92796,77372,0.17635532331809275,0.039140159045725646,0.06406236759596645,fuzzy_partial_ratio
0.66,3780,17837,92796,77189,0.17486237683304806,0.039140159045725646,0.06396317886846091,fuzzy_partial_ratio
0.67,3780,18386,92796,76640,0.17053144455472344,0.039140159045725646,0.06366744707011841,fuzzy_partial_ratio
0.68,3780,18461,92796,76565,0.16995638685310913,0.039140159045725646,0.06362725872560324,fuzzy_partial_ratio
0.69,3780,18603,92796,76423,0.16887816646562123,0.039140159045725646,0.0635513075933725,fuzzy_partial_ratio
0.7,3780,18676,92796,76350,0.16832917705735662,0.039140159045725646,0.06351233281806573,fuzzy_partial_ratio
0.71,3780,18828,92796,76198,0.16719745222929935,0.039140159045725646,0.06343133306484092,fuzzy_partial_ratio
0.72,3780,18923,92796,76103,0.16649781967140906,0.039140159045725646,0.06338081305175261,fuzzy_partial_ratio
0.73,3780,19059,92796,75967,0.16550637068172863,0.039140159045725646,0.06330862956914961,fuzzy_partial_ratio
0.74,3780,19142,92796,75884,0.16490707617136374,0.039140159045725646,0.06326465714907362,fuzzy_partial_ratio
0.75,3780,19177,92796,75849,0.16465566058282877,0.039140159045725646,0.06324613286707437,fuzzy_partial_ratio
0.76,3780,19275,92796,75751,0.16395575797007156,0.039140159045725646,0.06319432254181609,fuzzy_partial_ratio
0.77,3780,19332,92796,75694,0.16355140186915887,0.039140159045725646,0.06316422699017445,fuzzy_partial_ratio
0.78,3784,19370,92792,75656,0.1634274855316576,0.03918157720344599,0.06320888666165539,fuzzy_partial_ratio
0.79,3822,19411,92754,75615,0.1645073817414884,0.03957504970178927,0.0638015508016927,fuzzy_partial_ratio
0.8,3865,19433,92711,75593,0.16589406816035712,0.04002029489728297,0.06448437526069038,fuzzy_partial_ratio
0.81,4107,19498,92469,75528,0.17398856174539293,0.04252609343936382,0.06834691007730008,fuzzy_partial_ratio
0.82,4367,19552,92209,75474,0.18257452234625193,0.045218273691186216,0.07248433544960371,fuzzy_partial_ratio
0.83,4718,19562,91858,75464,0.1943163097199341,0.04885271703114646,0.078076388429205,fuzzy_partial_ratio
0.84,5116,19567,91460,75459,0.20726816027225214,0.052973823724320745,0.08438136550689021,fuzzy_partial_ratio
0.85,5596,19589,90980,75437,0.22219575143934883,0.05794400265076209,0.09191777334286018,fuzzy_partial_ratio
0.86,6201,19634,90375,75392,0.24002322430810916,0.06420849900596422,0.10131442435728816,fuzzy_partial_ratio
0.87,6881,19650,89695,75376,0.2593569786287739,0.07124958581842279,0.11178893157984517,fuzzy_partial_ratio
0.88,7471,19670,89105,75356,0.2752662024243764,0.07735876408217363,0.12077564118108264,fuzzy_partial_ratio
0.89,8292,19854,88284,75172,0.2946066936687273,0.08585984095427436,0.13296772020974648,fuzzy_partial_ratio
0.9,8854,20165,87722,74861,0.3051104448809401,0.09167909211398277,0.14099287392014012,fuzzy_partial_ratio
0.91,9658,21514,86918,73512,0.3098293340177082,0.10000414181577204,0.15120393274258698,fuzzy_partial_ratio
0.92,10253,23445,86323,71581,0.3042613804973589,0.1061650927766733,0.15740669665474308,fuzzy_partial_ratio
0.93,10807,26408,85769,68618,0.29039365847104665,0.11190150762094102,0.16155047798431885,fuzzy_partial_ratio
0.94,11292,29779,85284,65247,0.27493852109761147,0.1169234592445328,0.1640718649879765,fuzzy_partial_ratio
0.95,11758,32695,84818,62331,0.26450408296402944,0.12174867461895295,0.16674584659892647,fuzzy_partial_ratio
0.96,12273,34950,84303,60076,0.25989454291341085,0.12708126242544732,0.1706965973337784,fuzzy_partial_ratio
0.97,12868,35887,83708,59139,0.2639319044200595,0.13324221338634856,0.177085411921751,fuzzy_partial_ratio
0.98,13200,35907,83376,59119,0.2688007819659112,0.13667992047713717,0.18121537859599268,fuzzy_partial_ratio
0.99,13413,35907,83163,59119,0.2719586374695864,0.13888543737574552,0.18387070241816084,fuzzy_partial_ratio
0.5,5732,12206,90844,82820,0.3195450997881592,0.05935222001325381,0.10011003021464626,fuzzy_token_sort_ratio
0.51,6293,13386,90283,81640,0.3197825092738452,0.06516111663353213,0.10826201023611887,fuzzy_token_sort_ratio
0.52,6503,13895,90073,81131,0.318805765271105,0.06733556991385023,0.11118710140715031,fuzzy_token_sort_ratio
0.53,6749,14420,89827,80606,0.3188152487127403,0.06988278661365142,0.11463756422778038,fuzzy_token_sort_ratio
0.54,7113,14874,89463,80152,0.32350934643198254,0.07365183896620278,0.1199868424381974,fuzzy_token_sort_ratio
0.55,7339,15229,89237,79797,0.3251949663239986,0.07599196487740226,0.123195460954811,fuzzy_token_sort_ratio
0.56,7683,15643,88893,79383,0.3293749464117294,0.07955392644135188,0.12815465963870493,fuzzy_token_sort_ratio
0.57,7926,16023,88650,79003,0.3309532757108856,0.08207007952286283,0.13152457996266334,fuzzy_token_sort_ratio
0.58,8431,16568,88145,78458,0.3372534901396056,0.08729912193505633,0.13869627801768455,fuzzy_token_sort_ratio
0.59,8884,16883,87692,78143,0.3447820856133815,0.09198972829688536,0.1452310307904825,fuzzy_token_sort_ratio
0.6,9107,17052,87469,77974,0.34814021942734813,0.09429879058979457,0.14840102660202878,fuzzy_token_sort_ratio
0.61,9905,17393,86671,77633,0.36284709502527657,0.10256171305500332,0.15992056444451622,fuzzy_token_sort_ratio
0.62,10443,17586,86133,77440,0.3725784009418816,0.10813245526838966,0.16761767184302395,fuzzy_token_sort_ratio
0.63,10876,18096,85700,76930,0.3753969349716968,0.11261597084161697,0.17325644375059737,fuzzy_token_sort_ratio
0.64,11594,18222,84982,76804,0.388851623289509,0.12005053015241882,0.18346097854294577,fuzzy_token_sort_ratio
0.65,12609,18440,83967,76586,0.4061000354278721,0.13056038767395625,0.1975945151811949,fuzzy_token_sort_ratio
0.66,12794,18588,83782,76438,0.4076859346121981,0.1324759774685222,0.19997186576845527,fuzzy_token_sort_ratio
0.67,14449,18817,82127,76209,0.43434738171105636,0.1496127402253148,0.2225628071040187,fuzzy_token_sort_ratio
0.68,14488,18895,82088,76131,0.43399334990863614,0.15001656726308812,0.2229626266745666,fuzzy_token_sort_ratio
0.69,15251,18984,81325,76042,0.4454797721629911,0.15791708084824388,0.23317610904281752,fuzzy_token_sort_ratio
0.7,16038,19025,80538,76001,0.45740524199298405,0.16606610337972166,0.24366639065930312,fuzzy_token_sort_ratio
0.71,17359,19123,79217,75903,0.4758236938764322,0.17974444996686548,0.26092380766282375,fuzzy_token_sort_ratio
0.72,18017,19172,78559,75854,0.48447121460646964,0.18655773691186217,0.2693828729488282,fuzzy_token_sort_ratio
0.73,19383,19264,77193,75762,0.5015395761637385,0.20070203777335985,0.2866819993640135,fuzzy_token_sort_ratio
0.74,20684,19325,75892,75701,0.5169836786722988,0.21417329357190193,0.30287366841161184,fuzzy_token_sort_ratio
0.75,21550,19340,75026,75686,0.5270237221814624,0.22314032471835651,0.3135320733854189,fuzzy_token_sort_ratio
0.76,23459,19408,73117,75618,0.5472507989829006,0.242907140490391,0.3364672303378442,fuzzy_token_sort_ratio
0.77,25375,19497,71201,75529,0.5654974148689605,0.26274643803843606,0.35878909563938693,fuzzy_token_sort_ratio
0.78,26758,19516,69818,75510,0.5782512858192506,0.2770667660702452,0.3746307315365768,fuzzy_token_sort_ratio
0.79,28760,19535,67816,75491,0.595506781240294,0.2977965540092777,0.39704288642999636,fuzzy_token_sort_ratio
0.8,29807,19550,66769,75476,0.6039062341714447,0.3086377567925779,0.4085025319838556,fuzzy_token_sort_ratio
0.81,33374,19608,63202,75418,0.6299120456003926,0.34557239893969516,0.4463017692132818,fuzzy_token_sort_ratio
0.82,35981,19674,60595,75352,0.6465007636330967,0.3725666832339298,0.47271580689872633,fuzzy_token_sort_ratio
0.83,38946,19742,57630,75284,0.663610959651036,0.4032678926441352,0.5016745671887881,fuzzy_token_sort_ratio
0.84,42278,19916,54298,75110,0.6797761841978326,0.43776921802518226,0.5325691251495874,fuzzy_token_sort_ratio
0.85,45519,20283,51057,74743,0.6917570894501687,0.47132828031809143,0.5606547685031223,fuzzy_token_sort_ratio
0.86,49383,20911,47193,74115,0.7025208410390645,0.5113382206759444,0.5918739138251333,fuzzy_token_sort_ratio
0.87,53366,22147,43210,72879,0.7067127514467707,0.5525803512259775,0.6202139590560698,fuzzy_token_sort_ratio
0.88,57020,22993,39556,72033,0.7126341969429968,0.5904158383035123,0.6457933393359723,fuzzy_token_sort_ratio
0.89,61404,25193,35172,69833,0.7090776816748848,0.63581013916501,0.6704481555687793,fuzzy_token_sort_ratio
0.9,64769,26760,31807,68266,0.7076336461667887,0.6706531643472499,0.6886472980516201,fuzzy_token_sort_ratio
0.91,69218,29403,27358,65623,0.7018586305147991,0.7167205102717031,0.7092117194424096,fuzzy_token_sort_ratio
0.92,73439,31675,23137,63351,0.6986605019312365,0.7604270212060967,0.7282364023997223,fuzzy_token_sort_ratio
0.93,79300,33380,17276,61646,0.7037628682996095,0.8211149768058317,0.7579233092480024,fuzzy_token_sort_ratio
0.94,85563,34942,11013,60084,0.7100369279283018,0.8859654572564613,0.7883048263090736,fuzzy_token_sort_ratio
0.95,90682,35742,5894,59284,0.717284692779852,0.9389703445990722,0.8132914798206278,fuzzy_token_sort_ratio
0.96,94318,35906,2258,59120,0.7242750952205431,0.9766194499668654,0.8317283950617285,fuzzy_token_sort_ratio
0.97,96142,35907,434,59119,0.7280782133904838,0.9955061298873427,0.8410453799890651,fuzzy_token_sort_ratio
0.98,96574,35907,2,59119,0.728964908175512,0.9999792909211398,0.8432311608027695,fuzzy_token_sort_ratio
0.99,96576,35907,0,59119,0.7289689997962002,1.0,0.8432412609851611,fuzzy_token_sort_ratio
0.5,3780,12203,92796,82823,0.2365012826127761,0.039140159045725646,0.06716477580646593,fuzzy_token_set_ratio
0.51,3780,13388,92796,81638,0.2201770736253495,0.039140159045725646,0.06646504431002953,fuzzy_token_set_ratio
0.52,3780,13881,92796,81145,0.2140309155766944,0.039140159045725646,0.06617820846135665,fuzzy_token_set_ratio
0.53,3780,14404,92796,80622,0.20787505499340078,0.039140159045725646,0.0658766120599512,fuzzy_token_set_ratio
0.54,3780,14840,92796,80186,0.20300751879699247,0.039140159045725646,0.06562727872495573,fuzzy_token_set_ratio
0.55,3780,15204,92796,79822,0.19911504424778761,0.039140159045725646,0.06542056074766354,fuzzy_token_set_ratio
0.56,3780,15617,92796,79409,0.19487549621075423,0.039140159045725646,0.06518758676588517,fuzzy_token_set_ratio
0.57,3780,15960,92796,79066,0.19148936170212766,0.039140159045725646,0.06499535747446611,fuzzy_token_set_ratio
0.58,3780,16550,92796,78476,0.18593212001967535,0.039140159045725646,0.0646673395719638,fuzzy_token_set_ratio
0.59,3780,16862,92796,78164,0.18312179052417402,0.039140159045725646,0.06449521404562439,fuzzy_token_set_ratio
0.6,3780,17021,92796,78005,0.1817220325945868,0.039140159045725646,0.06440784821557886,fuzzy_token_set_ratio
0.61,3780,17360,92796,77666,0.17880794701986755,0.039140159045725646,0.06422236569370349,fuzzy_token_set_ratio
0.62,3780,17534,92796,77492,0.17734822182602983,0.039140159045725646,0.06412757655441513,fuzzy_token_set_ratio
0.63,3780,18031,92796,76995,0.17330704690293888,0.039140159045725646,0.06385836282699958,fuzzy_token_set_ratio
0.64,3780,18164,92796,76862,0.17225665329930734,0.039140159045725646,0.06378670266621667,fuzzy_token_set_ratio
0.65,3780,18331,92796,76695,0.1709556329428791,0.039140159045725646,0.06369695080337358,fuzzy_token_set_ratio
0.66,3780,18469,92796,76557,0.16989527619218842,0.039140159045725646,0.06362297496318114,fuzzy_token_set_ratio
0.67,3780,18740,92796,76286,0.16785079928952043,0.039140159045725646,0.06347820245852086,fuzzy_token_set_ratio
0.68,3780,18779,92796,76247,0.1675606188217563,0.039140159045725646,0.06345742225206698,fuzzy_token_set_ratio
0.69,3780,18904,92796,76122,0.16663727737612413,0.039140159045725646,0.06339091061546202,fuzzy_token_set_ratio
0.7,3780,18978,92796,76048,0.16609543896651727,0.039140159045725646,0.06335160138770174,fuzzy_token_set_ratio
0.71,3780,19050,92796,75976,0.16557161629434955,0.039140159045725646,0.06331340133661625,fuzzy_token_set_ratio
0.72,3780,19105,92796,75921,0.1651736945597553,0.039140159045725646,0.06328425176417408,fuzzy_token_set_ratio
0.73,3780,19197,92796,75829,0.1645123384253819,0.039140159045725646,0.06323555243281223,fuzzy_token_set_ratio
0.74,3780,19234,92796,75792,0.16424784913530893,0.039140159045725646,0.06321598795885944,fuzzy_token_set_ratio
0.75,3780,19284,92796,75742,0.16389177939646202,0.039140159045725646,0.06318956870611836,fuzzy_token_set_ratio
0.76,3780,19393,92796,75633,0.16312087343028525,0.039140159045725646,0.0631320512071082,fuzzy_token_set_ratio
0.77,3780,19489,92796,75537,0.16244789204521037,0.039140159045725646,0.06308148024531686,fuzzy_token_set_ratio
0.78,3780,19515,92796,75511,0.1622665808113329,0.039140159045725646,0.06306779788272393,fuzzy_token_set_ratio
0.79,3780,19553,92796,75473,0.162002314318776,0.039140159045725646,0.06304781125686978,fuzzy_token_set_ratio
0.8,3780,19568,92796,75458,0.16189823539489465,0.039140159045725646,0.06303992528601447,fuzzy_token_set_ratio
0.81,3780,19621,92796,75405,0.16153155848040682,0.039140159045725646,0.06301207731481867,fuzzy_token_set_ratio
0.82,3780,19675,92796,75351,0.16115966744830526,0.039140159045725646,0.06298372920328915,fuzzy_token_set_ratio
0.83,3780,19729,92796,75297,0.16078948487813177,0.039140159045725646,0.06295540658700087,fuzzy_token_set_ratio
0.84,3780,19792,92796,75234,0.16035974885457321,0.039140159045725646,0.06292239571195525,fuzzy_token_set_ratio
0.85,3780,19852,92796,75174,0.15995260663507108,0.039140159045725646,0.06289098895248237,fuzzy_token_set_ratio
0.86,3780,19917,92796,75109,0.15951386251424232,0.039140159045725646,0.06285700032426231,fuzzy_token_set_ratio
0.87,3780,20024,92796,75002,0.15879684086708115,0.039140159045725646,0.06280112975577339,fuzzy_token_set_ratio
0.88,3780,20085,92796,74941,0.1583909490886235,0.039140159045725646,0.06276932273893442,fuzzy_token_set_ratio
0.89,3780,20461,92796,74565,0.1559341611319665,0.039140159045725646,0.06257397551669053,fuzzy_token_set_ratio
0.9,3780,20749,92796,74277,0.15410330629051328,0.039140159045725646,0.06242516824243425,fuzzy_token_set_ratio
0.91,3780,21834,92796,73192,0.14757554462403374,0.039140159045725646,0.061870856862263686,fuzzy_token_set_ratio
0.92,3780,23612,92796,71414,0.1379964953271028,0.039140159045725646,0.060983479607640674,fuzzy_token_set_ratio
0.93,3780,27279,92796,67747,0.12170385395537525,0.039140159045725646,0.05923140204489365,fuzzy_token_set_ratio
0.94,3780,32114,92796,62912,0.105310079679055,0.039140159045725646,0.05706952517551144,fuzzy_token_set_ratio
0.95,3780,35007,92796,60019,0.09745533297238766,0.039140159045725646,0.05584982602335941,fuzzy_token_set_ratio
0.96,3780,35743,92796,59283,0.0956405131189434,0.039140159045725646,0.05554779976340751,fuzzy_token_set_ratio
0.97,3780,35862,92796,59164,0.09535341304676857,0.039140159045725646,0.055499273223803026,fuzzy_token_set_ratio
0.98,3780,35893,92796,59133,0.09527890504877373,0.039140159045725646,0.05548664577354696,fuzzy_token_set_ratio
0.99,3780,35907,92796,59119,0.0952452944289062,0.039140159045725646,0.055480944937363774,fuzzy_token_set_ratio
0.5,3780,0,92796,95026,1.0,0.039140159045725646,0.0753318187253378,token_sequence_ratio
0.51,6814,0,89762,95026,1.0,0.07055583167660702,0.13181158719411934,token_sequence_ratio
0.52,6814,0,89762,95026,1.0,0.07055583167660702,0.13181158719411934,token_sequence_ratio
0.53,6814,0,89762,95026,1.0,0.07055583167660702,0.13181158719411934,token_sequence_ratio
0.54,6814,0,89762,95026,1.0,0.07055583167660702,0.13181158719411934,token_sequence_ratio
0.55,6814,0,89762,95026,1.0,0.07055583167660702,0.13181158719411934,token_sequence_ratio
0.56,6814,0,89762,95026,1.0,0.07055583167660702,0.13181158719411934,token_sequence_ratio
0.57,6814,0,89762,95026,1.0,0.07055583167660702,0.13181158719411934,token_sequence_ratio
0.58,6814,0,89762,95026,1.0,0.07055583167660702,0.13181158719411934,token_sequence_ratio
0.59,6814,0,89762,95026,1.0,0.07055583167660702,0.13181158719411934,token_sequence_ratio
0.6,6814,0,89762,95026,1.0,0.07055583167660702,0.13181158719411934,token_sequence_ratio
0.61,6814,0,89762,95026,1.0,0.07055583167660702,0.13181158719411934,token_sequence_ratio
0.62,6814,0,89762,95026,1.0,0.07055583167660702,0.13181158719411934,token_sequence_ratio
0.63,6814,0,89762,95026,1.0,0.07055583167660702,0.13181158719411934,token_sequence_ratio
0.64,6814,0,89762,95026,1.0,0.07055583167660702,0.13181158719411934,token_sequence_ratio
0.65,6814,0,89762,95026,1.0,0.07055583167660702,0.13181158719411934,token_sequence_ratio
0.66,6814,0,89762,95026,1.0,0.07055583167660702,0.13181158719411934,token_sequence_ratio
0.67,17603,0,78973,95026,1.0,0.18227095758780648,0.30834041286050845,token_sequence_ratio
0.68,17603,0,78973,95026,1.0,0.18227095758780648,0.30834041286050845,token_sequence_ratio
0.69,17603,0,78973,95026,1.0,0.18227095758780648,0.30834041286050845,token_sequence_ratio
0.7,17603,0,78973,95026,1.0,0.18227095758780648,0.30834041286050845,token_sequence_ratio
0.71,17603,0,78973,95026,1.0,0.18227095758780648,0.30834041286050845,token_sequence_ratio
0.72,17603,0,78973,95026,1.0,0.18227095758780648,0.30834041286050845,token_sequence_ratio
0.73,17603,0,78973,95026,1.0,0.18227095758780648,0.30834041286050845,token_sequence_ratio
0.74,17603,0,78973,95026,1.0,0.18227095758780648,0.30834041286050845,token_sequence_ratio
0.75,17603,0,78973,95026,1.0,0.18227095758780648,0.30834041286050845,token_sequence_ratio
0.76,22998,0,73578,95026,1.0,0.23813369781312127,0.38466556274775454,token_sequence_ratio
0.77,22998,0,73578,95026,1.0,0.23813369781312127,0.38466556274775454,token_sequence_ratio
0.78,22998,0,73578,95026,1.0,0.23813369781312127,0.38466556274775454,token_sequence_ratio
0.79,22998,0,73578,95026,1.0,0.23813369781312127,0.38466556274775454,token_sequence_ratio
0.8,22998,0,73578,95026,1.0,0.23813369781312127,0.38466556274775454,token_sequence_ratio
0.81,38006,0,58570,95026,1.0,0.3935346255798542,0.5648006419877843,token_sequence_ratio
0.82,38006,0,58570,95026,1.0,0.3935346255798542,0.5648006419877843,token_sequence_ratio
0.83,38006,0,58570,95026,1.0,0.3935346255798542,0.5648006419877843,token_sequence_ratio
0.84,43654,0,52922,95026,1.0,0.45201706428098076,0.62260571917564,token_sequence_ratio
0.85,43654,0,52922,95026,1.0,0.45201706428098076,0.62260571917564,token_sequence_ratio
0.86,55247,0,41329,95026,1.0,0.5720572398939695,0.7277816931558458,token_sequence_ratio
0.87,55247,0,41329,95026,1.0,0.5720572398939695,0.7277816931558458,token_sequence_ratio
0.88,56951,0,39625,95026,1.0,0.5897013750828363,0.741902075856364,token_sequence_ratio
0.89,67114,0,29462,95026,1.0,0.6949345593108018,0.8200134400390983,token_sequence_ratio
0.9,67114,0,29462,95026,1.0,0.6949345593108018,0.8200134400390983,token_sequence_ratio
0.91,77801,0,18775,95026,1.0,0.8055935222001326,0.8923309840173878,token_sequence_ratio
0.92,77801,0,18775,95026,1.0,0.8055935222001326,0.8923309840173878,token_sequence_ratio
0.93,88384,0,8192,95026,1.0,0.9151756129887343,0.9557093425605536,token_sequence_ratio
0.94,94354,0,2222,95026,1.0,0.9769922133863486,0.9883622269941863,token_sequence_ratio
0.95,96554,0,22,95026,1.0,0.9997722001325381,0.9998860870915963,token_sequence_ratio
0.96,96576,0,0,95026,1.0,1.0,1.0,token_sequence_ratio
0.97,96576,0,0,95026,1.0,1.0,1.0,token_sequence_ratio
0.98,96576,0,0,95026,1.0,1.0,1.0,token_sequence_ratio
0.99,96576,0,0,95026,1.0,1.0,1.0,token_sequence_ratio
